{
  "labId": "00-basic-02-basic_template",
  "title": "Basic Lab Template",
  "slug": "Use this basic template to write DevNet learning labs.",
  "time": 15,
  "byod": true,
  "files": [
    {"title": "1.md"},
    {"title": "2.md"}    
  ],
  "tags": [
	{"title": "DevNet Labs Template"}
  ],
  "related": [
    {
	"labId": "00-labs-01-getting_started",
	"title": "Getting Started with Writing Learning Labs"
    }
  ],
  "authors": [
      {"name": "Armen Martirosyan", "email": "armartir@cisco.com"}
  ],
  "active": true
}
